NumeroSS,Nom,Prenom,DateNaissance,AdressePostale,AdresseMail,Telephone,DateEntree,Poste,Salaire
123456789012345,Dupond,Michel,1975-03-10,1 Rue Principale,michel.dupond@example.com,0612345678,2005-06-01,Directeur General,9000.00
987654321098765,Fiesta,Sophie,1980-07-22,5 Avenue des Fetes,sophie.fiesta@example.com,0698765432,2010-09-15,Directrice Commerciale,7500.00
456789123456789,Fetard,Julien,1978-11-05,22 Boulevard du Soir,julien.fetard@example.com,0678456123,2008-03-10,Directeur des Operations,7200.00
321654987321654,Joyeuse,Elise,1985-05-30,15 Place de la Bonne Humeur,elise.joyeuse@example.com,0665123478,2015-11-20,Directrice des RH,6800.00
741852963741852,GripSous,Marc,1973-02-12,48 Rue de l'Economie,marc.gripsous@example.com,0654789632,2003-07-01,Directeur Financier,7800.00
852369741258963,Forge,Adrien,1987-08-14,50 Rue des Metiers,adrien.forge@example.com,0623456789,2016-10-01,Commercial,4200.00
963258741369852,Fermi,Camille,1991-06-24,33 Avenue des Affaires,camille.fermi@example.com,0689765321,2019-06-15,Commerciale,4100.00
753159852456963,Royal,Lucas,1983-09-18,12 Rue des Strateges,lucas.royal@example.com,0678945123,2012-07-01,Chef d'Equipe,5300.00
258369741963852,Romu,David,1989-11-05,45 Rue des Transports,david.romu@example.com,0625987413,2017-03-10,Chauffeur,3800.00
369852147258963,Romi,Claire,1993-04-30,78 Boulevard de la Logistique,claire.romi@example.com,0647895321,2021-08-25,Chauffeur,3700.00
147852369852147,Roma,Nicolas,1985-12-12,56 Avenue des Mobilites,nicolas.roma@example.com,0665987412,2013-09-12,Chauffeur,3900.00
951753258456963,Prince,Alice,1988-07-07,88 Place du Management,alice.prince@example.com,0612348796,2015-05-30,Chef d'Equipe,5400.00
123987654258963,Rome,Sarah,1990-10-22,32 Rue des Deplacements,sarah.rome@example.com,0654786321,2018-12-01,Chauffeur,3700.00
741258963369852,Rimou,Maxime,1987-06-09,29 Avenue des Routes,maxime.rimou@example.com,0623697415,2016-06-14,Chauffeur,3750.00
852147963258741,Couleur,Emma,1984-03-18,77 Rue des Talents,emma.couleur@example.com,0678945231,2011-09-20,Formation,5500.00
369741852963258,TouteLeMonde,Lea,1995-02-05,90 Boulevard des Employes,lea.toutelemonde@example.com,0698745123,2020-11-15,Contrats,4800.00
951236874512369,Picsou,Francois,1971-08-29,15 Avenue de la Comptabilite,francois.picsou@example.com,0689754123,1999-07-01,Direction Comptable,8200.00
741258963147852,Fournier,Isabelle,1982-05-17,65 Rue des Finances,isabelle.fournier@example.com,0614785236,2014-04-15,Comptable,5100.00
258963741369852,Gautier,Jean,1986-12-10,84 Place des Budgets,jean.gautier@example.com,0678452631,2017-02-10,Comptable,5000.00
852147963258963,GrosSous,Marc,1979-07-01,78 Boulevard des Controles,marc.grossous@example.com,0645897321,2006-03-22,Controleur de Gestion,6900.00